{
    "accuracy": 0.6427015250544662,
    "precision": 0.6976744186046512,
    "recall": 0.30303030303030304,
    "f1_score": 0.4225352112676056
}